{
  "coef": [
    [
      0.351348987116269,
      2.5459283027509394
    ]
  ],
  "intercept": [
    1.0395758220497027
  ],
  "n": 702,
  "pos_rate": 0.042735042735042736
}