{
  "coef": [
    [
      1.1682998610263764,
      1.672516123671456
    ]
  ],
  "intercept": [
    0.35171252080226745
  ],
  "n": 735,
  "pos_rate": 0.02040816326530612
}