{
  "VAL": {
    "macro_AUROC": 0.774190344876498,
    "macro_AP": 0.3450011528294685,
    "macro_F1_thr": 0.3763729999290725
  },
  "TEST": {
    "macro_AUROC": 0.8650696516173912,
    "macro_AP": 0.539660679964537,
    "macro_F1_thr": 0.5230949784582123
  }
}