seed,macro_AP_specialist,macro_AP_blend,macro_AP_shared
seed13,0.37665069103240967,0.3854508399963379,0.37600579857826233
seed29,0.34062787890434265,0.3636632263660431,0.37600579857826233
seed47,0.3421213626861572,0.36540377140045166,0.37600579857826233
seed61,0.3534657061100006,0.3681613504886627,0.37600579857826233
seed83,0.36946192383766174,0.38121628761291504,0.37600579857826233
