{
  "coef": [
    [
      1.5082058798234517,
      3.0635164626694142
    ]
  ],
  "intercept": [
    -0.0786220470190413
  ],
  "n": 638,
  "pos_rate": 0.061128526645768025
}