,NR-AR,NR-AR-LBD,NR-AhR,NR-Aromatase,NR-ER,NR-ER-LBD,NR-PPAR-gamma,SR-ARE,SR-ATAD5,SR-HSE,SR-MMP,SR-p53
shared,0.551662,0.60562336,0.47951216,0.2998248,0.3906136,0.32898477,0.18406254,0.4173635,0.22628799,0.22424398,0.55355173,0.25033903
