,NR-AR,NR-AR-LBD,NR-AhR,NR-Aromatase,NR-ER,NR-ER-LBD,NR-PPAR-gamma,SR-ARE,SR-ATAD5,SR-HSE,SR-MMP,SR-p53
seed13,0.5607115,0.6186715,0.50024694,0.3112319,0.40029433,0.33799028,0.19768947,0.42723584,0.21285996,0.23998293,0.54683113,0.2716648
seed29,0.5552308,0.57016814,0.48391184,0.25331953,0.3863354,0.3240663,0.11543963,0.41747868,0.22566262,0.2106067,0.56495637,0.25678283
seed47,0.5521858,0.6096145,0.4516144,0.27428252,0.37596115,0.34959656,0.1638134,0.40052056,0.23617624,0.20220473,0.5252983,0.24357721
seed61,0.5664369,0.5877666,0.47528476,0.30673382,0.38846013,0.31380665,0.15254909,0.40387675,0.20019881,0.21744601,0.5367109,0.2686657
seed83,0.56632197,0.6124979,0.48192385,0.28298253,0.4108542,0.34666148,0.18070005,0.41745168,0.20587803,0.23947097,0.56250095,0.267352
