,NR-AR,NR-AR-LBD,NR-AhR,NR-Aromatase,NR-ER,NR-ER-LBD,NR-PPAR-gamma,SR-ARE,SR-ATAD5,SR-HSE,SR-MMP,SR-p53
seed13,0.5608629,0.619534,0.49843097,0.29478028,0.39263397,0.33231843,0.181707,0.41276032,0.20024179,0.22727202,0.53463924,0.26462755
seed29,0.5521018,0.5420142,0.46915856,0.2220402,0.37052378,0.31934494,0.07236576,0.379551,0.19045728,0.17926377,0.55431014,0.2364028
seed47,0.52168745,0.6040852,0.43138027,0.24719326,0.3345049,0.34449565,0.14713232,0.37724534,0.19072992,0.17102975,0.5104027,0.22556965
seed61,0.56898403,0.5585932,0.46918824,0.29324013,0.36328495,0.30385265,0.13415954,0.38298947,0.17887056,0.20158444,0.52469856,0.26214272
seed83,0.56736106,0.606099,0.47039366,0.26794794,0.4040361,0.3428675,0.16163895,0.40503442,0.16533783,0.2289698,0.55294555,0.26091135
