{
  "coef": [
    [
      -0.9395764701282973,
      3.484784992165802
    ]
  ],
  "intercept": [
    1.4171249230884844
  ],
  "n": 686,
  "pos_rate": 0.026239067055393587
}