{
  "coef": [
    [
      1.1055203155311175,
      1.1327605328525558
    ]
  ],
  "intercept": [
    -0.1571912565758115
  ],
  "n": 674,
  "pos_rate": 0.06231454005934718
}