Assay,Prevalence
NR-AR,0.047405619720737806
NR-AR-LBD,0.03822008862629247
NR-AhR,0.12815608263198164
NR-Aromatase,0.050894975199482426
NR-ER,0.13517324738114425
NR-ER-LBD,0.05463012717177145
NR-PPAR-gamma,0.026885880077369438
SR-ARE,0.16503407155025554
SR-ATAD5,0.03699788583509514
SR-HSE,0.05609990393852066
SR-MMP,0.16738474795346833
SR-p53,0.06093519882179676
