method,group,mean,low,high
Uncal.,Macro,0.49203763317790516,0.4889308500476792,0.49525285024618715
Uncal.,Micro,0.4938184738284974,0.4906381415505275,0.49702541101469977
Temp.,Macro,0.4430838334613186,0.44001929045074356,0.44609021352178696
Temp.,Micro,0.44419174011146745,0.44121956134793994,0.44722784851903913
