method,group,mean,low,high
Uncal.,Macro,0.3113097271842731,0.3091041588276831,0.3135855975738931
Uncal.,Micro,0.3116941117216167,0.3094823733146536,0.31394052075511025
Temp.,Macro,0.2634451458480749,0.2626166183986688,0.26426945010504016
Temp.,Micro,0.26350866227938186,0.2627088612823868,0.26432006603716157
