{
  "macro": {
    "ECE_None": {
      "mean": 0.49203763317790516,
      "ci_lo": 0.4889308500476792,
      "ci_hi": 0.49525285024618715
    },
    "ECE_Temp": {
      "mean": 0.4430838334613186,
      "ci_lo": 0.44001929045074356,
      "ci_hi": 0.44609021352178696
    },
    "ECE_Platt": {
      "mean": 0.02864230588763958,
      "ci_lo": 0.02619313873432482,
      "ci_hi": 0.030922246373748706
    },
    "Brier_None": {
      "mean": 0.3113097271842731,
      "ci_lo": 0.3091041588276831,
      "ci_hi": 0.3135855975738931
    },
    "Brier_Temp": {
      "mean": 0.2634451458480749,
      "ci_lo": 0.2626166183986688,
      "ci_hi": 0.26426945010504016
    },
    "Brier_Platt": {
      "mean": 0.06305480098297381,
      "ci_lo": 0.06073911638781868,
      "ci_hi": 0.06539952829622717
    }
  },
  "micro": {
    "B": 1000,
    "seed": 4242,
    "ECE_None": {
      "mean": 0.4938184738284974,
      "low": 0.4906381415505275,
      "high": 0.49702541101469977
    },
    "ECE_Temp": {
      "mean": 0.44419174011146745,
      "low": 0.44121956134793994,
      "high": 0.44722784851903913
    },
    "ECE_Platt": {
      "mean": 0.014066587511687056,
      "low": 0.012088732797089764,
      "high": 0.016114959424886895
    },
    "Brier_None": {
      "mean": 0.3116941117216167,
      "low": 0.3094823733146536,
      "high": 0.31394052075511025
    },
    "Brier_Temp": {
      "mean": 0.26350866227938186,
      "low": 0.2627088612823868,
      "high": 0.26432006603716157
    },
    "Brier_Platt": {
      "mean": 0.06155338959039657,
      "low": 0.05928438258512671,
      "high": 0.06388406844582485
    }
  },
  "n_bins": 15
}