{
  "coef": [
    [
      0.07375768705853211,
      2.4514969189305322
    ]
  ],
  "intercept": [
    0.2123722517057829
  ],
  "n": 614,
  "pos_rate": 0.09120521172638436
}