{
  "coef": [
    [
      0.5834691407802645,
      2.4675864491381905
    ]
  ],
  "intercept": [
    -0.27022348903856624
  ],
  "n": 581,
  "pos_rate": 0.14974182444061962
}