{
  "coef": [
    [
      1.045903178580643,
      1.503177105040771
    ]
  ],
  "intercept": [
    -0.3664278135632574
  ],
  "n": 586,
  "pos_rate": 0.11604095563139932
}