seed,empty_rate_before,empty_rate_after
seed13,0.0003192338387869114,0.0003192338387869114
seed29,0.006225059856344773,0.006225059856344773
seed47,0.0007980845969672786,0.0007980845969672786
seed61,0.005107741420590582,0.005107741420590582
seed83,0.023623304070231443,0.023623304070231443
