{
  "NR-AR": 0.8257414698600769,
  "NR-AR-LBD": 0.6015637516975403,
  "NR-AhR": 1.0090970993041992,
  "NR-Aromatase": 0.9692637920379639,
  "NR-ER": 0.703177809715271,
  "NR-ER-LBD": 0.591091513633728,
  "NR-PPAR-gamma": 1.1342289447784424,
  "SR-ARE": 0.9879032969474792,
  "SR-ATAD5": 0.9464176297187805,
  "SR-HSE": 0.9517853260040283,
  "SR-MMP": 0.9526987671852112,
  "SR-p53": 1.015066385269165
}