{
  "thresholds": {
    "NR-AR": {
      "th_f1": 0.9656830639614301,
      "th_fbeta15": 0.9656830639614301,
      "ap_val": 0.17298214637910228
    },
    "NR-AR-LBD": {
      "th_f1": 0.9453881159426758,
      "th_fbeta15": 0.9453881159426758,
      "ap_val": 0.2610155342495069
    },
    "NR-AhR": {
      "th_f1": 0.8180650343961563,
      "th_fbeta15": 0.7129294732027165,
      "ap_val": 0.517839366582228
    },
    "NR-Aromatase": {
      "th_f1": 0.7844854985286177,
      "th_fbeta15": 0.6217258403020629,
      "ap_val": 0.293108714243849
    },
    "NR-ER": {
      "th_f1": 0.6724719802968221,
      "th_fbeta15": 0.5041512868473774,
      "ap_val": 0.2513005680207009
    },
    "NR-ER-LBD": {
      "th_f1": 0.7139181850610048,
      "th_fbeta15": 0.7139181850610048,
      "ap_val": 0.11602951015550747
    },
    "NR-PPAR-gamma": {
      "th_f1": 0.512994946255218,
      "th_fbeta15": 0.512994946255218,
      "ap_val": 0.06170186262795007
    },
    "SR-ARE": {
      "th_f1": 0.5312204372534826,
      "th_fbeta15": 0.5244604939521158,
      "ap_val": 0.34435197877449936
    },
    "SR-ATAD5": {
      "th_f1": 0.7093576987669139,
      "th_fbeta15": 0.7093576987669139,
      "ap_val": 0.1674688270423574
    },
    "SR-HSE": {
      "th_f1": 0.6506487614197074,
      "th_fbeta15": 0.6506487614197074,
      "ap_val": 0.21603436858737418
    },
    "SR-MMP": {
      "th_f1": 0.6470131029840633,
      "th_fbeta15": 0.6121109097217833,
      "ap_val": 0.44464546611945205
    },
    "SR-p53": {
      "th_f1": 0.6251792554154737,
      "th_fbeta15": 0.6251792554154737,
      "ap_val": 0.216932932321844
    }
  },
  "note": "Per-label logistic stacker on VAL"
}