path,mode,macro_pr_auc,macro_roc_auc,micro_precision,micro_recall,micro_f1,avg_true_cardinality,avg_pred_cardinality,cardinality_error
specialist,fbeta15,0.14977840976721435,0.7095022655748061,0.1836587129428778,0.503968253968254,0.2692103868574457,0.6436781609195402,1.7662835249042146,1.1226053639846745
blend,fbeta15,0.15744073266580444,0.7271266968405472,0.2006872852233677,0.5793650793650794,0.29811128126595204,0.6436781609195402,1.8582375478927202,1.21455938697318
specialist,f1,0.14977840976721435,0.7095022655748061,0.1997971602434077,0.39087301587301587,0.2644295302013423,0.6436781609195402,1.2592592592592593,0.6155810983397191
blend,f1,0.15744073266580444,0.7271266968405472,0.23099703849950642,0.4642857142857143,0.3085036255767963,0.6436781609195402,1.293742017879949,0.6500638569604088
