{
  "coef": [
    [
      0.8967279703254495,
      2.05830813994385
    ]
  ],
  "intercept": [
    0.4898883617579787
  ],
  "n": 591,
  "pos_rate": 0.05752961082910321
}