smiles,NR-AR_prob,NR-AR_pred,NR-AR_true,NR-AR-LBD_prob,NR-AR-LBD_pred,NR-AR-LBD_true,NR-AhR_prob,NR-AhR_pred,NR-AhR_true,NR-Aromatase_prob,NR-Aromatase_pred,NR-Aromatase_true,NR-ER_prob,NR-ER_pred,NR-ER_true,NR-ER-LBD_prob,NR-ER-LBD_pred,NR-ER-LBD_true,NR-PPAR-gamma_prob,NR-PPAR-gamma_pred,NR-PPAR-gamma_true,SR-ARE_prob,SR-ARE_pred,SR-ARE_true,SR-ATAD5_prob,SR-ATAD5_pred,SR-ATAD5_true,SR-HSE_prob,SR-HSE_pred,SR-HSE_true,SR-MMP_prob,SR-MMP_pred,SR-MMP_true,SR-p53_prob,SR-p53_pred,SR-p53_true
CCOc1ccc2nc(S(N)(=O)=O)sc2c1,0.5097597750594169,0,0,0.5035836883933128,0,0.0,0.594215167119382,0,1,0.4727196049366094,0,,0.5288336504094155,0,,0.4712566176278182,0,0.0,0.5212000961648805,1,0.0,0.5332312823490639,1,1.0,0.5286887949967064,0,0,0.5168464042578791,0,0.0,0.5189687783004728,0,0,0.5185204913160537,0,0.0
CCN1C(=O)NC(c2ccccc2)C1=O,0.5040217134156375,0,0,0.5132331956188811,0,0.0,0.6158502347820985,0,0,0.5017750213510179,0,0.0,0.5166441503400097,0,0.0,0.49969288337436824,0,0.0,0.5355738498095945,1,0.0,0.5210148055963504,0,,0.5369630509996123,0,0,0.5267715727636728,0,,0.5537418797505244,0,0,0.5338167029184216,0,0.0
O=C(O)Cc1cc(I)c(Oc2ccc(O)c(I)c2)c(I)c1,0.5297900884933262,0,0,0.5270852823545698,0,,0.6696847819472989,0,0,0.5691290816416109,0,,0.5319725749913714,0,1.0,0.5796462299526375,0,,0.5515514637394661,1,,0.5481504711298124,1,1.0,0.5547527910863975,0,0,0.5444436670897416,0,1.0,0.6408549959585114,1,0,0.5600594533368921,1,1.0
CC(O)CNCC(C)O,0.516143403661209,0,0,0.46556126829365513,0,0.0,0.37358145218833855,0,0,0.4862209912892738,0,0.0,0.5100472362395762,0,0.0,0.4781340753871158,0,0.0,0.49375181144306973,0,0.0,0.4995155338575663,0,0.0,0.4814605605005261,0,0,0.502628745626188,0,0.0,0.40895836874318964,0,0,0.47397335578047783,0,0.0
O=c1cc(-c2ccccc2)oc2cc(O)cc(O)c12,0.5502062067693417,0,0,0.5530832305778021,0,0.0,0.7077046445393492,1,1,0.5761645216551506,0,,0.5512362771118507,1,1.0,0.6174942331353295,0,1.0,0.5528121518662844,1,1.0,0.5668175998735082,1,1.0,0.565947597607706,0,0,0.5536710341622546,1,,0.6676180455315691,1,1,0.5655548428683821,1,
