{
  "coef": [
    [
      1.1351324218530285,
      2.719189390665872
    ]
  ],
  "intercept": [
    -0.3499107724761551
  ],
  "n": 655,
  "pos_rate": 0.06717557251908397
}