{
  "coef": [
    [
      1.1428479963072484,
      0.5254302620428093
    ]
  ],
  "intercept": [
    -0.20442713700436202
  ],
  "n": 666,
  "pos_rate": 0.013513513513513514
}