{
  "coef": [
    [
      0.8231636371144789,
      0.8786433285304642
    ]
  ],
  "intercept": [
    0.1678887739788191
  ],
  "n": 643,
  "pos_rate": 0.04354587869362364
}